policy,value
0,4.499949
0,3.681767
1,3.681767
1,4.499949
1,5.499949
